{
  "products": [
    {
      "id": 1,
      "image": "/assets/images/product3-0.png",
      "title": "Checked Duvet Cover Set",
      "colors": [
        "brown",
        "green-secondary"
      ],
      "price": 24,
      "sizes": [
        {
          "value": "50 X 40",
          "label": "50 X 40"
        },
        {
          "value": "70 X 40",
          "label": "70 X 40"
        }
      ],
      "description": "Light khaki green/white checks",
      "stars": 4,
      "gender": "Man",
      "top": true,
      "quantity": 1,
      "category": {

        "shopBy": ["Living Room","Bedroom", "Bathroom"],
        "gender": "Man",
        "colors": [
          "brown",
          "green-secondary"
        ]
      }
    },
    {
      "id": 2,
      "image": "/assets/images/product2.png",
      "title": "Checked Duvet Cover Set",
      "colors": [
        "grey"
      ],
      "price": 24,
      "sizes": [
        {
          "value": "50 X 40",
          "label": "50 X 40"
        },
        {
          "value": "70 X 40",
          "label": "70 X 40"
        }
      ],
      "description": "Light khaki green/white checks",
      "stars": 4,
      "gender": "Woman",
      "top": false,
      "quantity": 1,
      "category": {

        "shopBy": ["Living Room","Child Room", "Outdoor"],
        "gender": "Woman",
        "colors": [
          "grey"
        ]
      }
    },
    {
      "id": 3,
      "image": "/assets/images/product1.png",
      "title": "Checked Duvet Cover Set",
      "colors": [
        "orange"
      ],
      "price": 24,
      "sizes": [
        {
          "value": "50 X 40",
          "label": "50 X 40"
        },
        {
          "value": "70 X 40",
          "label": "70 X 40"
        }
      ],
      "description": "Light khaki green/white checks",
      "stars": 4,
      "gender": "Man",
      "top": true,
      "quantity": 1,
      "category": {

        "shopBy": ["Bedroom","Child Room", "Outdoor"],
        "gender": "Man",
        "colors": [
          "orange"
        ]
      }
    },
    {
      "id": 4,
      "image": "/assets/images/product4.png",
      "title": "Checked Duvet Cover Set",
      "colors": [
        "grey"
      ],
      "price": 24,
      "sizes": [
        {
          "value": "50 X 40",
          "label": "50 X 40"
        },
        {
          "value": "70 X 40",
          "label": "70 X 40"
        }
      ],
      "description": "Light khaki green/white checks",
      "stars": 4,
      "gender": "Woman",
      "top": true,
      "quantity": 1,
      "category": {

        "shopBy": ["Bedroom","Living Room", "Outdoor"],
        "gender": "Woman",
        "colors": [
          "grey"
        ]
      }
    },
    {
      "id": 5,
      "image": "/assets/images/product5.png",
      "title": "Checked Duvet Cover Set",
      "colors": [
        "yellow", "grey"
      ],
      "price": 24,
      "sizes": [
        {
          "value": "50 X 40",
          "label": "50 X 40"
        },
        {
          "value": "70 X 40",
          "label": "70 X 40"
        }
      ],
      "description": "Light khaki green/white checks",
      "stars": 4,
      "gender": "Man",
      "top": false,
      "quantity": 1,
      "category": {

        "shopBy": ["Bedroom","Living Room", "Child Room"],
        "gender": "Man",
        "colors": [
          "grey",
          "yellow"
        ]
      }
    },
    {
      "id": 6,
      "image": "/assets/images/product6.png",
      "title": "Checked Duvet Cover Set",
      "colors": [
        "lightbrown"
      ],
      "price": 24,
      "sizes": [
        {
          "value": "50 X 40",
          "label": "50 X 40"
        },
        {
          "value": "70 X 40",
          "label": "70 X 40"
        }
      ],
      "description": "Light khaki green/white checks",
      "stars": 4,
      "gender": "Man",
      "top": true,
      "quantity": 1,
      "category": {

        "shopBy": ["Bedroom","Outdoor", "Child Room"],
        "gender": "Man",
        "colors": [
          "lightbrown"
        ]
      }
    },
    {
      "id": 7,
      "image": "/assets/images/product7.png",
      "title": "Checked Duvet Cover Set",
      "colors": [
        "brown",
        "lightbrown"
      ],
      "price": 24,
      "sizes": [
        {
          "value": "50 X 40",
          "label": "50 X 40"
        },
        {
          "value": "70 X 40",
          "label": "70 X 40"
        }
      ],
      "description": "Light khaki green/white checks",
      "stars": 4,
      "gender": "Woman",
      "top": true,
      "quantity": 1,
      "category": {

        "shopBy": ["Bedroom","Outdoor", "Living Room"],
        "gender": "Woman",
        "colors": [
          "brown",
          "lightbrown"
        ]
      }
    },
    {
      "id": 8,
      "image": "/assets/images/product8.png",
      "title": "Checked Duvet Cover Set",
      "colors": [
        "grey"
      ],
      "price": 24,
      "sizes": [
        {
          "value": "50 X 40",
          "label": "50 X 40"
        },
        {
          "value": "70 X 40",
          "label": "70 X 40"
        }
      ],
      "description": "Light khaki green/white checks",
      "stars": 4,
      "gender": "Woman",
      "top": false,
      "quantity": 1,
      "category": {

        "shopBy": ["Child Room","Outdoor", "Living Room"],
        "gender": "Woman",
        "colors": [
          "grey"
        ]
      }
    },
    {
      "id": 9,
      "image": "/assets/images/product9.png",
      "title": "Checked Duvet Cover Set",
      "colors": [
        "pink", "lightgreen", "grey"
      ],
      "price": 24,
      "sizes": [
        {
          "value": "50 X 40",
          "label": "50 X 40"
        },
        {
          "value": "70 X 40",
          "label": "70 X 40"
        }
      ],
      "description": "Light khaki green/white checks",
      "stars": 4,
      "gender": "Man",
      "top": false,
      "quantity": 1,
      "category": {

        "shopBy": ["Child Room","Outdoor", "Bathroom"],
        "gender": "Man",
        "colors": [
          "pink", 
          "lightgreen", 
          "grey"
        ]
      }
    },
    {
      "id": 10,
      "image": "/assets/images/product10.png",
      "title": "Checked Duvet Cover Set",
      "colors": [
        "brown", "grey"
      ],
      "price": 24,
      "sizes": [
        {
          "value": "50 X 40",
          "label": "50 X 40"
        },
        {
          "value": "70 X 40",
          "label": "70 X 40"
        }
      ],
      "description": "Light khaki green/white checks",
      "stars": 4,
      "gender": "Woman",
      "top": true,
      "quantity": 1,
      "category": {

        "shopBy": ["Living Room","Outdoor", "Bathroom"],
        "gender": "Woman",
        "colors": [
          "brown", 
          "grey"
        ]
      }
    },
    {
      "id": 11,
      "image": "/assets/images/product11.png",
      "title": "Checked Duvet Cover Set",
      "colors": [
        "march", "grey", "lightbrown"
      ],
      "price": 24,
      "sizes": [
        {
          "value": "50 X 40",
          "label": "50 X 40"
        },
        {
          "value": "70 X 40",
          "label": "70 X 40"
        }
      ],
      "description": "Light khaki green/white checks",
      "stars": 5,
      "gender": "Woman",
      "top": false,
      "quantity": 1,
      "category": {

        "shopBy": ["Living Room","Bathroom", "Child Room"],
        "gender": "Woman",
        "colors": [
          "march", "grey", "lightbrown"
        ]
      }
    },
    {
      "id": 12,
      "image": "/assets/images/product12.png",
      "title": "Checked Duvet Cover Set",
      "colors": [
        "lightbrown", "march", "grey"
      ],
      "price": 24,
      "sizes": [
        {
          "value": "50 X 40",
          "label": "50 X 40"
        },
        {
          "value": "70 X 40",
          "label": "70 X 40"
        }
      ],
      "description": "Light khaki green/white checks",
      "stars": 4,
      "gender": "Man",
      "top": false,
      "quantity": 1,
      "category": {

        "shopBy": ["Living Room","Bedroom", "Child Room"],
        "gender": "Man",
        "colors": [
          "lightbrown", "march", "grey"
        ]
      }
    },
    {
      "id": 13,
      "image": "/assets/images/product13.png",
      "title": "Checked Duvet Cover Set",
      "colors": [
        "brown",
        "green-secondary"
      ],
      "price": 24,
      "sizes": [
        {
          "value": "50 X 40",
          "label": "50 X 40"
        },
        {
          "value": "70 X 40",
          "label": "70 X 40"
        }
      ],
      "description": "Light khaki green/white checks",
      "stars": 2,
      "gender": "Woman",
      "top": true,
      "quantity": 1,
      "category": {

        "shopBy": ["Living Room","Bedroom", "Child Room"],
        "gender": "Woman",
        "colors": [
          "brown",
        "green-secondary"
        ]
      }
    },
    {
      "id": 14,
      "image": "/assets/images/product15.png",
      "title": "Checked Duvet Cover Set",
      "colors": [
        "brown"
      ],
      "price": 24,
      "sizes": [
        {
          "value": "50 X 40",
          "label": "50 X 40"
        },
        {
          "value": "70 X 40",
          "label": "70 X 40"
        }
      ],
      "description": "Light khaki green/white checks",
      "stars": 4,
      "gender": "Woman",
      "top": false,
      "quantity": 1,
      "category": {

        "shopBy": ["Outdoor","Bedroom", "Child Room"],
        "gender": "Woman",
        "colors": [
          "brown"
        ]
      }
    }
  ],
  "blogs": [
    {
      "id": 1,
      "date": 26,
      "month": "May",
      "body": "Lorem ipsum dolor sit amet, consectetur adipiscing elit.",
      "comment": 3
    },
    {
      "id": 2,
      "date": 26,
      "month": "May",
      "body": "Lorem ipsum dolor sit amet, consectetur adipiscing elit.",
      "comment": 3
    }
  ]
}